id,imageName,imageUrl,altText,size,width,height
1,share_image-1001_dradzd,https://res.cloudinary.com/gibbs-photography/image/upload/v1621101335/share_images/share_image-1001_dradzd.jpg,share_image-1001,lg,1200,630
2,share_image-1002_nnfyuu,https://res.cloudinary.com/gibbs-photography/image/upload/v1621101337/share_images/share_image-1002_nnfyuu.jpg,share_image-1002,lg,1200,630
3,share_image-1003_a6pdg5,https://res.cloudinary.com/gibbs-photography/image/upload/v1621101343/share_images/share_image-1003_a6pdg5.jpg,share_image-1003,lg,1200,630
4,share_image-1004_fm7gju,https://res.cloudinary.com/gibbs-photography/image/upload/v1621101338/share_images/share_image-1004_fm7gju.jpg,share_image-1004,lg,1200,630
5,share_image-1005_vtmgdd,https://res.cloudinary.com/gibbs-photography/image/upload/v1621101339/share_images/share_image-1005_vtmgdd.jpg,share_image-1005,lg,1200,630
6,share_image-1006_xqpkwi,https://res.cloudinary.com/gibbs-photography/image/upload/v1621101344/share_images/share_image-1006_xqpkwi.jpg,share_image-1006,lg,1200,630
7,share_image-1007_o75cue,https://res.cloudinary.com/gibbs-photography/image/upload/v1621101336/share_images/share_image-1007_o75cue.jpg,share_image-1007,lg,1200,630
8,share_image-1008_b8n8lt,https://res.cloudinary.com/gibbs-photography/image/upload/v1621101338/share_images/share_image-1008_b8n8lt.jpg,share_image-1008,lg,1200,630
9,share_image-1009_eaqs99,https://res.cloudinary.com/gibbs-photography/image/upload/v1621101339/share_images/share_image-1009_eaqs99.jpg,share_image-1009,lg,1200,630
10,share_image-1010_rxafqo,https://res.cloudinary.com/gibbs-photography/image/upload/v1621101340/share_images/share_image-1010_rxafqo.jpg,share_image-1010,lg,1200,630
11,share_image-1011_w2xvkj,https://res.cloudinary.com/gibbs-photography/image/upload/v1621101343/share_images/share_image-1011_w2xvkj.jpg,share_image-1011,lg,1200,630
12,share_image-1012_z9j7by,https://res.cloudinary.com/gibbs-photography/image/upload/v1621101350/share_images/share_image-1012_z9j7by.jpg,share_image-1012,lg,1200,630
13,share_image-1013_zabnvq,https://res.cloudinary.com/gibbs-photography/image/upload/v1621101343/share_images/share_image-1013_zabnvq.jpg,share_image-1013,lg,1200,630
14,share_image-1014_lo3nw0,https://res.cloudinary.com/gibbs-photography/image/upload/v1621101343/share_images/share_image-1014_lo3nw0.jpg,share_image-1014,lg,1200,630
15,share_image-1015_wkukwm,https://res.cloudinary.com/gibbs-photography/image/upload/v1621101343/share_images/share_image-1015_wkukwm.jpg,share_image-1015,lg,1200,630
16,share_image-1016_oh89td,https://res.cloudinary.com/gibbs-photography/image/upload/v1621101347/share_images/share_image-1016_oh89td.jpg,share_image-1016,lg,1200,630
17,share_image-1017_gnxfyt,https://res.cloudinary.com/gibbs-photography/image/upload/v1621101348/share_images/share_image-1017_gnxfyt.jpg,share_image-1017,lg,1200,630
18,share_image-1018_kdmdgi,https://res.cloudinary.com/gibbs-photography/image/upload/v1621101349/share_images/share_image-1018_kdmdgi.jpg,share_image-1018,lg,1200,630
19,share_image-1019_dmnicx,https://res.cloudinary.com/gibbs-photography/image/upload/v1621101348/share_images/share_image-1019_dmnicx.jpg,share_image-1019,lg,1200,630
20,share_image-1020_bqqdac,https://res.cloudinary.com/gibbs-photography/image/upload/v1621101354/share_images/share_image-1020_bqqdac.jpg,share_image-1020,lg,1200,630
21,share_image-1021_cslywx,https://res.cloudinary.com/gibbs-photography/image/upload/v1621101353/share_images/share_image-1021_cslywx.jpg,share_image-1021,lg,1200,630
22,share_image-1022_ky82m0,https://res.cloudinary.com/gibbs-photography/image/upload/v1621101351/share_images/share_image-1022_ky82m0.jpg,share_image-1022,lg,1200,630
23,share_image-1023_qlivwq,https://res.cloudinary.com/gibbs-photography/image/upload/v1621101348/share_images/share_image-1023_qlivwq.jpg,share_image-1023,lg,1200,630
24,share_image-1024_zvqhbk,https://res.cloudinary.com/gibbs-photography/image/upload/v1621101353/share_images/share_image-1024_zvqhbk.jpg,share_image-1024,lg,1200,630
25,share_image-1025_sdrnt4,https://res.cloudinary.com/gibbs-photography/image/upload/v1621101353/share_images/share_image-1025_sdrnt4.jpg,share_image-1025,lg,1200,630
26,share_image-1026_toaw4z,https://res.cloudinary.com/gibbs-photography/image/upload/v1621101352/share_images/share_image-1026_toaw4z.jpg,share_image-1026,lg,1200,630
27,share_image-1027_jderix,https://res.cloudinary.com/gibbs-photography/image/upload/v1621101336/share_images/share_image-1027_jderix.jpg,share_image-1027,lg,1200,630
28,share_image-1028_nnsjsb,https://res.cloudinary.com/gibbs-photography/image/upload/v1621101332/share_images/share_image-1028_nnsjsb.jpg,share_image-1028,lg,1200,630
29,share_image-1029_f5ji8l,https://res.cloudinary.com/gibbs-photography/image/upload/v1621101336/share_images/share_image-1029_f5ji8l.jpg,share_image-1029,lg,1200,630
30,share_image-1030_f1ectv,https://res.cloudinary.com/gibbs-photography/image/upload/v1621101335/share_images/share_image-1030_f1ectv.jpg,share_image-1030,lg,1200,630
31,share_image-1031_lutzce,https://res.cloudinary.com/gibbs-photography/image/upload/v1621101388/share_images/share_image-1031_lutzce.jpg,share_image-1031,lg,1200,630
32,share_image-1032_bxojya,https://res.cloudinary.com/gibbs-photography/image/upload/v1621101388/share_images/share_image-1032_bxojya.jpg,share_image-1032,lg,1200,630
33,share_image-1033_gubf76,https://res.cloudinary.com/gibbs-photography/image/upload/v1621101387/share_images/share_image-1033_gubf76.jpg,share_image-1033,lg,1200,630
34,share_image-1034_wstkd4,https://res.cloudinary.com/gibbs-photography/image/upload/v1621101388/share_images/share_image-1034_wstkd4.jpg,share_image-1034,lg,1200,630
35,share_image-1035_gjqojn,https://res.cloudinary.com/gibbs-photography/image/upload/v1621101387/share_images/share_image-1035_gjqojn.jpg,share_image-1035,lg,1200,630
36,share_image-1036_ddoizm,https://res.cloudinary.com/gibbs-photography/image/upload/v1621101387/share_images/share_image-1036_ddoizm.jpg,share_image-1036,lg,1200,630
37,share_image-1037_opdpbt,https://res.cloudinary.com/gibbs-photography/image/upload/v1621101389/share_images/share_image-1037_opdpbt.jpg,share_image-1037,lg,1200,630
38,share_image-1038_wnvpx6,https://res.cloudinary.com/gibbs-photography/image/upload/v1621101388/share_images/share_image-1038_wnvpx6.jpg,share_image-1038,lg,1200,630
39,share_image-1039_rav184,https://res.cloudinary.com/gibbs-photography/image/upload/v1621101390/share_images/share_image-1039_rav184.jpg,share_image-1039,lg,1200,630
40,share_image-1040_jhzuec,https://res.cloudinary.com/gibbs-photography/image/upload/v1621101390/share_images/share_image-1040_jhzuec.jpg,share_image-1040,lg,1200,630
41,share_image-1041_vmzqas,https://res.cloudinary.com/gibbs-photography/image/upload/v1621101390/share_images/share_image-1041_vmzqas.jpg,share_image-1041,lg,1200,630
42,share_image-1042_heptdp,https://res.cloudinary.com/gibbs-photography/image/upload/v1621101391/share_images/share_image-1042_heptdp.jpg,share_image-1042,lg,1200,630
43,share_image-1043_yfvbeh,https://res.cloudinary.com/gibbs-photography/image/upload/v1621101393/share_images/share_image-1043_yfvbeh.jpg,share_image-1043,lg,1200,630
44,share_image-1044_tlvmgi,https://res.cloudinary.com/gibbs-photography/image/upload/v1621101394/share_images/share_image-1044_tlvmgi.jpg,share_image-1044,lg,1200,630
45,share_image-1045_lxqdpu,https://res.cloudinary.com/gibbs-photography/image/upload/v1621101392/share_images/share_image-1045_lxqdpu.jpg,share_image-1045,lg,1200,630
46,share_image-1046_mj8l04,https://res.cloudinary.com/gibbs-photography/image/upload/v1621101395/share_images/share_image-1046_mj8l04.jpg,share_image-1046,lg,1200,630
47,share_image-1047_s9rhiz,https://res.cloudinary.com/gibbs-photography/image/upload/v1621101396/share_images/share_image-1047_s9rhiz.jpg,share_image-1047,lg,1200,630
48,share_image-1048_y5o33d,https://res.cloudinary.com/gibbs-photography/image/upload/v1621101396/share_images/share_image-1048_y5o33d.jpg,share_image-1048,lg,1200,630
49,share_image-1049_pct4hq,https://res.cloudinary.com/gibbs-photography/image/upload/v1621101397/share_images/share_image-1049_pct4hq.jpg,share_image-1049,lg,1200,630
50,share_image-1050_rc7ubk,https://res.cloudinary.com/gibbs-photography/image/upload/v1621101397/share_images/share_image-1050_rc7ubk.jpg,share_image-1050,lg,1200,630
51,share_image-1051_uhbsag,https://res.cloudinary.com/gibbs-photography/image/upload/v1621101401/share_images/share_image-1051_uhbsag.jpg,share_image-1051,lg,1200,630
52,share_image-1052_ojagbi,https://res.cloudinary.com/gibbs-photography/image/upload/v1621101397/share_images/share_image-1052_ojagbi.jpg,share_image-1052,lg,1200,630
53,share_image-1053_tqbeif,https://res.cloudinary.com/gibbs-photography/image/upload/v1621101401/share_images/share_image-1053_tqbeif.jpg,share_image-1053,lg,1200,630
54,share_image-1054_p3urmq,https://res.cloudinary.com/gibbs-photography/image/upload/v1621101400/share_images/share_image-1054_p3urmq.jpg,share_image-1054,lg,1200,630
55,share_image-1055_zqabvg,https://res.cloudinary.com/gibbs-photography/image/upload/v1621101401/share_images/share_image-1055_zqabvg.jpg,share_image-1055,lg,1200,630
56,share_image-1056_zxptdh,https://res.cloudinary.com/gibbs-photography/image/upload/v1621101403/share_images/share_image-1056_zxptdh.jpg,share_image-1056,lg,1200,630
57,share_image-1057_sgqdza,https://res.cloudinary.com/gibbs-photography/image/upload/v1621101401/share_images/share_image-1057_sgqdza.jpg,share_image-1057,lg,1200,630
58,share_image-1058_oh4rmh,https://res.cloudinary.com/gibbs-photography/image/upload/v1621101402/share_images/share_image-1058_oh4rmh.jpg,share_image-1058,lg,1200,630
59,share_image-1059_q4alur,https://res.cloudinary.com/gibbs-photography/image/upload/v1621101404/share_images/share_image-1059_q4alur.jpg,share_image-1059,lg,1200,630
60,share_image-1060_o8jpvz,https://res.cloudinary.com/gibbs-photography/image/upload/v1621101403/share_images/share_image-1060_o8jpvz.jpg,share_image-1060,lg,1200,630
61,share_image-1061_cbjftd,https://res.cloudinary.com/gibbs-photography/image/upload/v1621101417/share_images/share_image-1061_cbjftd.jpg,share_image-1061,lg,1200,630
62,share_image-1062_bg4rjw,https://res.cloudinary.com/gibbs-photography/image/upload/v1621101417/share_images/share_image-1062_bg4rjw.jpg,share_image-1062,lg,1200,630
63,share_image-1063_gqbzlm,https://res.cloudinary.com/gibbs-photography/image/upload/v1621101413/share_images/share_image-1063_gqbzlm.jpg,share_image-1063,lg,1200,630
64,share_image-1064_pfullj,https://res.cloudinary.com/gibbs-photography/image/upload/v1621101416/share_images/share_image-1064_pfullj.jpg,share_image-1064,lg,1200,630
65,share_image-1065_ucc8q8,https://res.cloudinary.com/gibbs-photography/image/upload/v1621101417/share_images/share_image-1065_ucc8q8.jpg,share_image-1065,lg,1200,630
66,share_image-1066_rvvpc8,https://res.cloudinary.com/gibbs-photography/image/upload/v1621101414/share_images/share_image-1066_rvvpc8.jpg,share_image-1066,lg,1200,630
67,share_image-1067_bb3ocm,https://res.cloudinary.com/gibbs-photography/image/upload/v1621101418/share_images/share_image-1067_bb3ocm.jpg,share_image-1067,lg,1200,630
68,share_image-1068_u6bbk6,https://res.cloudinary.com/gibbs-photography/image/upload/v1621101419/share_images/share_image-1068_u6bbk6.jpg,share_image-1068,lg,1200,630
69,share_image-1069_xqx1fa,https://res.cloudinary.com/gibbs-photography/image/upload/v1621101418/share_images/share_image-1069_xqx1fa.jpg,share_image-1069,lg,1200,630
70,share_image-1070_kjtpei,https://res.cloudinary.com/gibbs-photography/image/upload/v1621101421/share_images/share_image-1070_kjtpei.jpg,share_image-1070,lg,1200,630
71,share_image-1071_zprqlf,https://res.cloudinary.com/gibbs-photography/image/upload/v1621101421/share_images/share_image-1071_zprqlf.jpg,share_image-1071,lg,1200,630
72,share_image-1072_uj5sbw,https://res.cloudinary.com/gibbs-photography/image/upload/v1621101424/share_images/share_image-1072_uj5sbw.jpg,share_image-1072,lg,1200,630
73,share_image-1073_hpnols,https://res.cloudinary.com/gibbs-photography/image/upload/v1621101421/share_images/share_image-1073_hpnols.jpg,share_image-1073,lg,1200,630
74,share_image-1074_t7wmi3,https://res.cloudinary.com/gibbs-photography/image/upload/v1621101424/share_images/share_image-1074_t7wmi3.jpg,share_image-1074,lg,1200,630
75,share_image-1075_ziphjq,https://res.cloudinary.com/gibbs-photography/image/upload/v1621101422/share_images/share_image-1075_ziphjq.jpg,share_image-1075,lg,1200,630
76,share_image-1076_sjdkhj,https://res.cloudinary.com/gibbs-photography/image/upload/v1621101427/share_images/share_image-1076_sjdkhj.jpg,share_image-1076,lg,1200,630
77,share_image-1077_rvxg5p,https://res.cloudinary.com/gibbs-photography/image/upload/v1621101425/share_images/share_image-1077_rvxg5p.jpg,share_image-1077,lg,1200,630
78,share_image-1078_kxj3tr,https://res.cloudinary.com/gibbs-photography/image/upload/v1621101425/share_images/share_image-1078_kxj3tr.jpg,share_image-1078,lg,1200,630
79,share_image-1079_ikcoyc,https://res.cloudinary.com/gibbs-photography/image/upload/v1621101426/share_images/share_image-1079_ikcoyc.jpg,share_image-1079,lg,1200,630
80,share_image-1080_gzmnuv,https://res.cloudinary.com/gibbs-photography/image/upload/v1621101427/share_images/share_image-1080_gzmnuv.jpg,share_image-1080,lg,1200,630
81,share_image-1081_e3qf3n,https://res.cloudinary.com/gibbs-photography/image/upload/v1621101428/share_images/share_image-1081_e3qf3n.jpg,share_image-1081,lg,1200,630
82,share_image-1082_hn0cba,https://res.cloudinary.com/gibbs-photography/image/upload/v1621101428/share_images/share_image-1082_hn0cba.jpg,share_image-1082,lg,1200,630
83,share_image-1083_woo9wd,https://res.cloudinary.com/gibbs-photography/image/upload/v1621101429/share_images/share_image-1083_woo9wd.jpg,share_image-1083,lg,1200,630
84,share_image-1084_w4qq9k,,share_image-1084,lg,1200,630
85,share_image-1085_xth3rh,https://res.cloudinary.com/gibbs-photography/image/upload/v1621101430/share_images/share_image-1085_xth3rh.jpg,share_image-1085,lg,1200,630
86,share_image-1086_cltbt1,https://res.cloudinary.com/gibbs-photography/image/upload/v1621101432/share_images/share_image-1086_cltbt1.jpg,share_image-1086,lg,1200,630
87,share_image-1087_cggrhb,https://res.cloudinary.com/gibbs-photography/image/upload/v1621101432/share_images/share_image-1087_cggrhb.jpg,share_image-1087,lg,1200,630
88,share_image-1088_he19vk,https://res.cloudinary.com/gibbs-photography/image/upload/v1621101432/share_images/share_image-1088_he19vk.jpg,share_image-1088,lg,1200,630
89,share_image-1089_dmr3ci,https://res.cloudinary.com/gibbs-photography/image/upload/v1621101431/share_images/share_image-1089_dmr3ci.jpg,share_image-1089,lg,1200,630
90,share_image-1090_ovbqym,https://res.cloudinary.com/gibbs-photography/image/upload/v1621101433/share_images/share_image-1090_ovbqym.jpg,share_image-1090,lg,1200,630
91,share_image-1091_yenezz,https://res.cloudinary.com/gibbs-photography/image/upload/v1621101448/share_images/share_image-1091_yenezz.jpg,share_image-1091,lg,1200,630
92,share_image-1092_jatvwr,https://res.cloudinary.com/gibbs-photography/image/upload/v1621101447/share_images/share_image-1092_jatvwr.jpg,share_image-1092,lg,1200,630
93,share_image-1093_vqhei5,https://res.cloudinary.com/gibbs-photography/image/upload/v1621101448/share_images/share_image-1093_vqhei5.jpg,share_image-1093,lg,1200,630
94,share_image-1094_syma1y,https://res.cloudinary.com/gibbs-photography/image/upload/v1621101446/share_images/share_image-1094_syma1y.jpg,share_image-1094,lg,1200,630
95,share_image-1095_ar88wj,https://res.cloudinary.com/gibbs-photography/image/upload/v1621101449/share_images/share_image-1095_ar88wj.jpg,share_image-1095,lg,1200,630
96,share_image-1096_lgb7ez,https://res.cloudinary.com/gibbs-photography/image/upload/v1621101449/share_images/share_image-1096_lgb7ez.jpg,share_image-1096,lg,1200,630
97,share_image-1097_ctztbt,https://res.cloudinary.com/gibbs-photography/image/upload/v1621101448/share_images/share_image-1097_ctztbt.jpg,share_image-1097,lg,1200,630
98,share_image-1098_xudhld,https://res.cloudinary.com/gibbs-photography/image/upload/v1621101449/share_images/share_image-1098_xudhld.jpg,share_image-1098,lg,1200,630
99,share_image-1099_a2mpc7,https://res.cloudinary.com/gibbs-photography/image/upload/v1621101452/share_images/share_image-1099_a2mpc7.jpg,share_image-1099,lg,1200,630
100,share_image-1100_oucu8a,https://res.cloudinary.com/gibbs-photography/image/upload/v1621101450/share_images/share_image-1100_oucu8a.jpg,share_image-1100,lg,1200,630
101,share_image-1101_blbl1n,https://res.cloudinary.com/gibbs-photography/image/upload/v1621101456/share_images/share_image-1101_blbl1n.jpg,share_image-1101,lg,1200,630
102,share_image-1102_ufe3yt,https://res.cloudinary.com/gibbs-photography/image/upload/v1621101453/share_images/share_image-1102_ufe3yt.jpg,share_image-1102,lg,1200,630
103,share_image-1103_olwtgc,https://res.cloudinary.com/gibbs-photography/image/upload/v1621101454/share_images/share_image-1103_olwtgc.jpg,share_image-1103,lg,1200,630
104,share_image-1104_t7dhca,https://res.cloudinary.com/gibbs-photography/image/upload/v1621101454/share_images/share_image-1104_t7dhca.jpg,share_image-1104,lg,1200,630
105,share_image-1105_l7fkea,https://res.cloudinary.com/gibbs-photography/image/upload/v1621101457/share_images/share_image-1105_l7fkea.jpg,share_image-1105,lg,1200,630
106,share_image-1106_tbokur,https://res.cloudinary.com/gibbs-photography/image/upload/v1621101455/share_images/share_image-1106_tbokur.jpg,share_image-1106,lg,1200,630
107,share_image-1107_hmjjn2,https://res.cloudinary.com/gibbs-photography/image/upload/v1621101458/share_images/share_image-1107_hmjjn2.jpg,share_image-1107,lg,1200,630
108,share_image-1108_gw0i7l,https://res.cloudinary.com/gibbs-photography/image/upload/v1621101458/share_images/share_image-1108_gw0i7l.jpg,share_image-1108,lg,1200,630
109,share_image-1109_cjhuzi,https://res.cloudinary.com/gibbs-photography/image/upload/v1621101458/share_images/share_image-1109_cjhuzi.jpg,share_image-1109,lg,1200,630
110,share_image-1110_rr9fek,https://res.cloudinary.com/gibbs-photography/image/upload/v1621101460/share_images/share_image-1110_rr9fek.jpg,share_image-1110,lg,1200,630
111,share_image-1111_a1ev2m,https://res.cloudinary.com/gibbs-photography/image/upload/v1621101460/share_images/share_image-1111_a1ev2m.jpg,share_image-1111,lg,1200,630
112,share_image-1112_jwntht,https://res.cloudinary.com/gibbs-photography/image/upload/v1621101461/share_images/share_image-1112_jwntht.jpg,share_image-1112,lg,1200,630
113,share_image-1113_p4t8qy,https://res.cloudinary.com/gibbs-photography/image/upload/v1621101463/share_images/share_image-1113_p4t8qy.jpg,share_image-1113,lg,1200,630
114,share_image-1114_o5bypt,https://res.cloudinary.com/gibbs-photography/image/upload/v1621101460/share_images/share_image-1114_o5bypt.jpg,share_image-1114,lg,1200,630
115,share_image-1115_e9w24i,https://res.cloudinary.com/gibbs-photography/image/upload/v1621101463/share_images/share_image-1115_e9w24i.jpg,share_image-1115,lg,1200,630
116,share_image-1116_oyjd6p,https://res.cloudinary.com/gibbs-photography/image/upload/v1621101463/share_images/share_image-1116_oyjd6p.jpg,share_image-1116,lg,1200,630
117,share_image-1117_apcxyb,https://res.cloudinary.com/gibbs-photography/image/upload/v1621101465/share_images/share_image-1117_apcxyb.jpg,share_image-1117,lg,1200,630
118,share_image-1118_tms6nx,https://res.cloudinary.com/gibbs-photography/image/upload/v1621101463/share_images/share_image-1118_tms6nx.jpg,share_image-1118,lg,1200,630
119,share_image-1119_uaezzn,https://res.cloudinary.com/gibbs-photography/image/upload/v1621101465/share_images/share_image-1119_uaezzn.jpg,share_image-1119,lg,1200,630
120,share_image-1120_dhbmto,https://res.cloudinary.com/gibbs-photography/image/upload/v1621101465/share_images/share_image-1120_dhbmto.jpg,share_image-1120,lg,1200,630
121,share_image-1121_mslkom,https://res.cloudinary.com/gibbs-photography/image/upload/v1621101479/share_images/share_image-1121_mslkom.jpg,share_image-1121,lg,1200,630
122,share_image-1122_n4kp0a,https://res.cloudinary.com/gibbs-photography/image/upload/v1621101479/share_images/share_image-1122_n4kp0a.jpg,share_image-1122,lg,1200,630
123,share_image-1123_g6ebd3,https://res.cloudinary.com/gibbs-photography/image/upload/v1621101479/share_images/share_image-1123_g6ebd3.jpg,share_image-1123,lg,1200,630
124,share_image-1124_smiyna,https://res.cloudinary.com/gibbs-photography/image/upload/v1621101478/share_images/share_image-1124_smiyna.jpg,share_image-1124,lg,1200,630
125,share_image-1125_mjgvke,https://res.cloudinary.com/gibbs-photography/image/upload/v1621101477/share_images/share_image-1125_mjgvke.jpg,share_image-1125,lg,1200,630
126,share_image-1126_d1h92a,https://res.cloudinary.com/gibbs-photography/image/upload/v1621101479/share_images/share_image-1126_d1h92a.jpg,share_image-1126,lg,1200,630
127,share_image-1127_k8f18y,https://res.cloudinary.com/gibbs-photography/image/upload/v1621101480/share_images/share_image-1127_k8f18y.jpg,share_image-1127,lg,1200,630
128,share_image-1128_l9z3mp,https://res.cloudinary.com/gibbs-photography/image/upload/v1621101481/share_images/share_image-1128_l9z3mp.jpg,share_image-1128,lg,1200,630
129,share_image-1129_geqbcm,https://res.cloudinary.com/gibbs-photography/image/upload/v1621101481/share_images/share_image-1129_geqbcm.jpg,share_image-1129,lg,1200,630
130,share_image-1130_z5ovwj,https://res.cloudinary.com/gibbs-photography/image/upload/v1621101482/share_images/share_image-1130_z5ovwj.jpg,share_image-1130,lg,1200,630
131,share_image-1131_kkknmq,https://res.cloudinary.com/gibbs-photography/image/upload/v1621101481/share_images/share_image-1131_kkknmq.jpg,share_image-1131,lg,1200,630
132,share_image-1132_guqs6j,https://res.cloudinary.com/gibbs-photography/image/upload/v1621101484/share_images/share_image-1132_guqs6j.jpg,share_image-1132,lg,1200,630
133,share_image-1133_mji6ba,https://res.cloudinary.com/gibbs-photography/image/upload/v1621101484/share_images/share_image-1133_mji6ba.jpg,share_image-1133,lg,1200,630
134,share_image-1134_mw40oj,https://res.cloudinary.com/gibbs-photography/image/upload/v1621101487/share_images/share_image-1134_mw40oj.jpg,share_image-1134,lg,1200,630
135,share_image-1135_vsntfa,https://res.cloudinary.com/gibbs-photography/image/upload/v1621101487/share_images/share_image-1135_vsntfa.jpg,share_image-1135,lg,1200,630
136,share_image-1136_xagled,https://res.cloudinary.com/gibbs-photography/image/upload/v1621101486/share_images/share_image-1136_xagled.jpg,share_image-1136,lg,1200,630
137,share_image-1137_gaqjnv,https://res.cloudinary.com/gibbs-photography/image/upload/v1621101486/share_images/share_image-1137_gaqjnv.jpg,share_image-1137,lg,1200,630
138,share_image-1138_tqhbqo,https://res.cloudinary.com/gibbs-photography/image/upload/v1621101487/share_images/share_image-1138_tqhbqo.jpg,share_image-1138,lg,1200,630
139,share_image-1139_pnpifp,https://res.cloudinary.com/gibbs-photography/image/upload/v1621105166/share_images/share_image-1139_pnpifp.jpg,share_image-1139,lg,1200,630
140,share_image-1140_m8g9jg,https://res.cloudinary.com/gibbs-photography/image/upload/v1621101490/share_images/share_image-1140_m8g9jg.jpg,share_image-1140,lg,1200,630
141,share_image-1141_js3pnm,https://res.cloudinary.com/gibbs-photography/image/upload/v1621101493/share_images/share_image-1141_js3pnm.jpg,share_image-1141,lg,1200,630
142,share_image-1142_csg7em,https://res.cloudinary.com/gibbs-photography/image/upload/v1621101491/share_images/share_image-1142_csg7em.jpg,share_image-1142,lg,1200,630
143,share_image-1143_cvw5us,https://res.cloudinary.com/gibbs-photography/image/upload/v1621101490/share_images/share_image-1143_cvw5us.jpg,share_image-1143,lg,1200,630
144,share_image-1144_ldu3ey,https://res.cloudinary.com/gibbs-photography/image/upload/v1621101491/share_images/share_image-1144_ldu3ey.jpg,share_image-1144,lg,1200,630
145,share_image-1145_hzazyr,https://res.cloudinary.com/gibbs-photography/image/upload/v1621101491/share_images/share_image-1145_hzazyr.jpg,share_image-1145,lg,1200,630
146,share_image-1146_mmpvh4,https://res.cloudinary.com/gibbs-photography/image/upload/v1621101492/share_images/share_image-1146_mmpvh4.jpg,share_image-1146,lg,1200,630
147,share_image-1147_xcsh6o,https://res.cloudinary.com/gibbs-photography/image/upload/v1621101493/share_images/share_image-1147_xcsh6o.jpg,share_image-1147,lg,1200,630
148,share_image-1148_gqzhbp,https://res.cloudinary.com/gibbs-photography/image/upload/v1621101493/share_images/share_image-1148_gqzhbp.jpg,share_image-1148,lg,1200,630